22052319710213737X,尤明曜,,19710213,00,2,1,13542211000,020-81001000,buu1000@163.com,1,小米1000,北京10001,020-83001000,研发部,开发人员,3,15.1000,13542211500,1,20.1000,尤明曜1000,
220523198808174054,吕雄博,,19880817,01,2,1,13542211001,020-81001001,buu1001@163.com,1,小米1001,北京10011,020-83001001,研发部,开发人员,3,15.1001,13542211501,1,20.1001,吕雄博1001,
220523198401287110,孔煜祺,,19840128,02,2,1,13542211002,020-81001002,buu1002@163.com,1,小米1002,北京10021,020-83001002,研发部,开发人员,3,15.1002,13542211502,1,20.1002,孔煜祺1002,
220523197809119159,费建功,,19780911,03,2,1,13542211003,020-81001003,buu1003@163.com,1,小米1003,北京10031,020-83001003,研发部,开发人员,3,15.1003,13542211503,1,20.1003,费建功1003,
220523198005162957,喻修杰,,19800516,04,2,1,13542211004,020-81001004,buu1004@163.com,1,小米1004,北京10041,020-83001004,研发部,开发人员,3,15.1004,13542211504,1,20.1004,喻修杰1004,
220523198901169292,周宣朗,,19890116,05,2,1,13542211005,020-81001005,buu1005@163.com,1,小米1005,北京10051,020-83001005,研发部,开发人员,3,15.1005,13542211505,1,20.1005,周宣朗1005,
22052319810227917X,昌彦博,,19810227,06,2,1,13542211006,020-81001006,buu1006@163.com,1,小米1006,北京10061,020-83001006,研发部,开发人员,3,15.1006,13542211506,1,20.1006,昌彦博1006,
220523198709192097,贺伟誉,,19870919,07,2,1,13542211007,020-81001007,buu1007@163.com,1,小米1007,北京10071,020-83001007,研发部,开发人员,3,15.1007,13542211507,1,20.1007,贺伟誉1007,
220523198106225531,乐淳雅,,19810622,08,2,1,13542211008,020-81001008,buu1008@163.com,1,小米1008,北京10081,020-83001008,研发部,开发人员,3,15.1008,13542211508,1,20.1008,乐淳雅1008,
220523198909261819,褚新曦,,19890926,09,2,1,13542211009,020-81001009,buu1009@163.com,1,小米1009,北京10091,020-83001009,研发部,开发人员,3,15.1009,13542211509,1,20.1009,褚新曦1009,
220523198503191398,昌熙泰,,19850319,10,2,1,13542211010,020-81001010,buu1010@163.com,1,小米1010,北京10101,020-83001010,研发部,开发人员,3,15.1010,13542211510,1,20.1010,昌熙泰1010,
220523197804173535,常明曜,,19780417,11,2,1,13542211011,020-81001011,buu1011@163.com,1,小米1011,北京10111,020-83001011,研发部,开发人员,3,15.1011,13542211511,1,20.1011,常明曜1011,
220523198404258753,唐泽洋,,19840425,12,2,1,13542211012,020-81001012,buu1012@163.com,1,小米1012,北京10121,020-83001012,研发部,开发人员,3,15.1012,13542211512,1,20.1012,唐泽洋1012,
220523198107198950,贺康裕,,19810719,13,2,1,13542211013,020-81001013,buu1013@163.com,1,小米1013,北京10131,020-83001013,研发部,开发人员,3,15.1013,13542211513,1,20.1013,贺康裕1013,
220523199007216212,顾博文,,19900721,14,2,1,13542211014,020-81001014,buu1014@163.com,1,小米1014,北京10141,020-83001014,研发部,开发人员,3,15.1014,13542211514,1,20.1014,顾博文1014,
220523199004119476,郎嘉懿,,19900411,15,2,1,13542211015,020-81001015,buu1015@163.com,1,小米1015,北京10151,020-83001015,研发部,开发人员,3,15.1015,13542211515,1,20.1015,郎嘉懿1015,
220523198201244933,卫高俊,,19820124,16,2,1,13542211016,020-81001016,buu1016@163.com,1,小米1016,北京10161,020-83001016,研发部,开发人员,3,15.1016,13542211516,1,20.1016,卫高俊1016,
220523197604136537,傅怡悦,,19760413,17,2,1,13542211017,020-81001017,buu1017@163.com,1,小米1017,北京10171,020-83001017,研发部,开发人员,3,15.1017,13542211517,1,20.1017,傅怡悦1017,
360481197307264953,何黎昕,,19730726,18,2,1,13542211018,020-81001018,buu1018@163.com,1,小米1018,北京10181,020-83001018,研发部,开发人员,3,15.1018,13542211518,1,20.1018,何黎昕1018,
360481198201282998,唐睿渊,,19820128,19,2,1,13542211019,020-81001019,buu1019@163.com,1,小米1019,北京10191,020-83001019,研发部,开发人员,3,15.1019,13542211519,1,20.1019,唐睿渊1019,
36048119760428861X,孔俊豪,,19760428,20,2,1,13542211020,020-81001020,buu1020@163.com,1,小米1020,北京10201,020-83001020,研发部,开发人员,3,15.1020,13542211520,1,20.1020,孔俊豪1020,
360481197605257516,姜怡畅,,19760525,21,2,1,13542211021,020-81001021,buu1021@163.com,1,小米1021,北京10211,020-83001021,研发部,开发人员,3,15.1021,13542211521,1,20.1021,姜怡畅1021,
360481198809255816,傅明睿,,19880925,22,2,1,13542211022,020-81001022,buu1022@163.com,1,小米1022,北京10221,020-83001022,研发部,开发人员,3,15.1022,13542211522,1,20.1022,傅明睿1022,
360481198707289476,卜杰伟,,19870728,23,2,1,13542211023,020-81001023,buu1023@163.com,1,小米1023,北京10231,020-83001023,研发部,开发人员,3,15.1023,13542211523,1,20.1023,卜杰伟1023,
36048119720220433X,魏鸿涛,,19720220,24,2,1,13542211024,020-81001024,buu1024@163.com,1,小米1024,北京10241,020-83001024,研发部,开发人员,3,15.1024,13542211524,1,20.1024,魏鸿涛1024,
360481199007127913,周越彬,,19900712,25,2,1,13542211025,020-81001025,buu1025@163.com,1,小米1025,北京10251,020-83001025,研发部,开发人员,3,15.1025,13542211525,1,20.1025,周越彬1025,
360481197309107935,邹立诚,,19730910,26,2,1,13542211026,020-81001026,buu1026@163.com,1,小米1026,北京10261,020-83001026,研发部,开发人员,3,15.1026,13542211526,1,20.1026,邹立诚1026,
360481197309193159,施泽洋,,19730919,27,2,1,13542211027,020-81001027,buu1027@163.com,1,小米1027,北京10271,020-83001027,研发部,开发人员,3,15.1027,13542211527,1,20.1027,施泽洋1027,
360481199005219654,余怡悦,,19900521,28,2,1,13542211028,020-81001028,buu1028@163.com,1,小米1028,北京10281,020-83001028,研发部,开发人员,3,15.1028,13542211528,1,20.1028,余怡悦1028,
360481197001185152,鲁雅畅,,19700118,29,2,1,13542211029,020-81001029,buu1029@163.com,1,小米1029,北京10291,020-83001029,研发部,开发人员,3,15.1029,13542211529,1,20.1029,鲁雅畅1029,
360481198209167257,王明睿,,19820916,30,2,1,13542211030,020-81001030,buu1030@163.com,1,小米1030,北京10301,020-83001030,研发部,开发人员,3,15.1030,13542211530,1,20.1030,王明睿1030,
360481197806209035,常新荣,,19780620,31,2,1,13542211031,020-81001031,buu1031@163.com,1,小米1031,北京10311,020-83001031,研发部,开发人员,3,15.1031,13542211531,1,20.1031,常新荣1031,
360481197303135396,吕怡宁,,19730313,32,2,1,13542211032,020-81001032,buu1032@163.com,1,小米1032,北京10321,020-83001032,研发部,开发人员,3,15.1032,13542211532,1,20.1032,吕怡宁1032,
360481197701184214,喻伟诚,,19770118,33,2,1,13542211033,020-81001033,buu1033@163.com,1,小米1033,北京10331,020-83001033,研发部,开发人员,3,15.1033,13542211533,1,20.1033,喻伟诚1033,
36048119730928419X,郎雄博,,19730928,34,2,1,13542211034,020-81001034,buu1034@163.com,1,小米1034,北京10341,020-83001034,研发部,开发人员,3,15.1034,13542211534,1,20.1034,郎雄博1034,
